<?xml version="1.0" encoding="UTF-8"?>
<project-private xmlns="http://www.netbeans.org/ns/project-private/1">
    <editor-bookmarks xmlns="http://www.netbeans.org/ns/editor-bookmarks/2" lastBookmarkId="0"/>
    <open-files xmlns="http://www.netbeans.org/ns/projectui-open-files/2">
        <group>
            <file>file:/F:/JAVA%20PROJECT/Trust%20Vault/bank%20management%20system/src/bank/management/system/Signup1.java</file>
            <file>file:/F:/JAVA%20PROJECT/Trust%20Vault/bank%20management%20system/src/bank/management/system/PinChange.java</file>
        </group>
    </open-files>
</project-private>
